{"xgb": {"model": "XGBoost", "precision": 0.6359074435461388, "recall": 0.5518993467215098, "f1": 0.5909326424870466, "auc": 0.9226250593941403}, "rf": {"model": "Random Forest", "precision": 0.3459701492537313, "recall": 0.5608516815872248, "f1": 0.42795162928090097, "auc": 0.8766829525005564}, "iso": {"model": "Isolation Forest", "precision": 0.1650268336314848, "recall": 0.0892813936607791, "f1": 0.11587376354215732, "auc": null}}